City_ID,City,Country,Lat,Lng,Max Temp,Humidity,Cloudiness,Wind Speed
0,Port Alfred,ZA,-33.59,26.89,48.99,73,0,10.67
1,Pimentel,PE,-6.84,-79.93,61.16,87,65,14.36
2,Hobart,AU,-42.88,147.33,48.2,49,40,14.99
3,Barrow,US,71.29,-156.79,39.2,86,90,16.11
4,Asfi,MA,32.3,-9.24,69.31,72,0,14.54
5,Kidal,ML,18.44,1.41,84.07,59,28,4.68
6,Yellowknife,CA,62.46,-114.35,53.6,50,20,12.75
7,Prince George,CA,53.92,-122.75,54.0,76,75,8.05
8,Kaitangata,NZ,-46.28,169.85,61.05,48,100,15.1
9,La Baule-Escoublac,FR,47.29,-2.36,53.01,93,99,3.36
10,Vanimo,PG,-2.67,141.3,85.87,62,14,4.34
11,Cape Town,ZA,-33.93,18.42,48.99,81,40,9.17
12,Bals,RO,44.35,24.1,70.0,63,0,8.05
13,Aklavik,CA,68.22,-135.01,50.0,81,90,2.24
14,Kirakira,SB,-10.45,161.92,85.98,67,100,11.1
15,Ilulissat,GL,69.22,-51.1,41.0,65,0,5.95
16,Bredasdorp,ZA,-34.53,20.04,42.8,81,0,4.7
17,Atuona,PF,-9.8,-139.03,78.62,79,30,26.42
18,Kapaa,US,22.08,-159.32,86.0,55,1,17.22
19,Bambous Virieux,MU,-20.34,57.76,71.6,78,75,18.34
20,Jamestown,US,42.1,-79.24,61.0,82,1,5.82
21,Punta Arenas,CL,-53.15,-70.92,32.0,90,12,13.87
22,Puerto Ayora,EC,-0.74,-90.35,64.65,83,96,9.86
23,Mannarakkat,IN,10.98,76.47,77.0,88,40,1.14
24,Bluff,NZ,-46.6,168.33,58.26,60,0,25.01
25,Komsomolskiy,UZ,40.43,71.72,68.0,60,0,4.7
26,Laguna,US,38.42,-121.42,91.99,31,1,11.41
27,Hermanus,ZA,-34.42,19.23,37.99,88,0,11.77
28,Chokurdakh,RU,70.63,147.92,45.86,68,87,8.72
29,Somerset,US,40.57,-74.55,66.0,77,1,3.36
30,Ushuaia,AR,-54.8,-68.3,28.4,92,40,23.04
31,Castro,BR,-24.79,-50.01,62.01,74,0,2.19
32,Virginia Beach,US,36.85,-75.98,75.99,64,40,6.51
33,Faanui,PF,-16.48,-151.75,77.74,75,7,19.46
34,Hithadhoo,MV,-0.6,73.08,82.2,73,100,10.36
35,Rikitea,PF,-23.12,-134.97,69.28,82,25,17.49
36,Wegorzewo,PL,54.22,21.74,55.72,96,100,10.94
37,Senador Jose Porfirio,BR,-2.59,-51.95,78.17,77,0,5.46
38,Mataura,NZ,-46.19,168.86,61.88,46,0,15.19
39,Aioi,JP,34.8,134.47,89.6,62,40,3.36
40,Qaanaaq,GL,77.48,-69.36,28.87,82,0,5.5
41,Rafaela,AR,-31.25,-61.49,54.0,31,100,3.0
42,Cabo San Lucas,MX,22.89,-109.91,86.0,83,40,11.41
43,Nikolskoye,RU,59.7,30.79,57.0,93,100,2.24
44,Itoman,JP,26.12,127.67,84.2,79,75,21.92
45,Mount Isa,AU,-20.73,139.5,82.4,23,0,12.75
46,Dombarovskiy,RU,50.76,59.54,66.15,47,0,2.26
47,Shingu,JP,33.73,135.98,87.8,70,20,5.82
48,Van Wert,US,40.87,-84.58,69.01,72,1,4.7
49,Makakilo City,US,21.35,-158.09,89.6,43,75,11.41
50,Byron Bay,AU,-28.65,153.62,73.99,56,0,9.17
51,Luganville,VU,-15.53,167.17,78.8,83,75,9.17
52,Dikson,RU,73.51,80.55,41.94,97,100,13.65
53,Warrnambool,AU,-38.38,142.48,51.01,86,96,1.01
54,Butaritari,KI,3.07,172.79,83.37,71,12,11.05
55,Longyearbyen,SJ,78.22,15.64,37.4,89,75,4.7
56,Yekaterinoslavka,RU,50.37,129.11,51.73,94,100,16.44
57,Tiksi,RU,71.69,128.87,43.95,79,1,9.86
58,San Julian,MX,21.02,-102.17,60.39,93,100,8.88
59,Oarai,JP,36.32,140.6,89.01,78,75,10.29
60,Albany,US,42.6,-73.97,60.01,97,0,6.53
61,Olafsvik,IS,64.89,-23.71,52.41,91,100,29.04
62,Busselton,AU,-33.65,115.33,53.01,83,0,7.05
63,Pevek,RU,69.7,170.31,40.32,78,0,7.9
64,Taksimo,RU,56.34,114.88,61.74,63,39,0.89
65,Mahebourg,MU,-20.41,57.7,71.6,78,75,18.34
66,Geraldton,AU,-28.77,114.6,53.6,87,0,6.93
67,Pernem,IN,15.72,73.8,78.8,100,75,3.36
68,Katangli,RU,51.71,143.23,59.45,67,79,9.51
69,Atbasar,KZ,51.8,68.33,64.24,53,0,4.9
70,Ahipara,NZ,-35.17,173.17,60.48,67,17,6.4
71,Saint-Pierre,RE,-21.34,55.48,66.2,68,20,3.36
72,Madang,PG,-5.22,145.8,89.08,53,99,1.07
73,Hilo,US,19.73,-155.09,84.2,58,90,10.29
74,Urumqi,CN,43.8,87.6,66.2,45,0,4.47
75,Saskylakh,RU,71.92,114.08,53.22,67,62,6.6
76,Beringovskiy,RU,63.05,179.32,46.04,76,100,32.53
77,Ojinaga,MX,29.57,-104.42,98.6,22,1,14.99
78,Shaikhpura,IN,25.15,85.85,82.53,76,52,6.67
79,Tigre,AR,-34.43,-58.58,50.0,75,1,2.24
80,Panzhihua,CN,26.59,101.71,71.29,81,100,1.83
81,Nouadhibou,MR,20.93,-17.03,71.6,73,0,16.11
82,Alofi,NU,-19.06,-169.92,80.6,65,75,13.87
83,Saint George,US,37.1,-113.58,96.8,11,1,12.75
84,Khatanga,RU,71.97,102.5,47.77,79,1,8.25
85,Pangkalanbuun,ID,-2.68,111.62,83.23,70,77,5.77
86,Coahuayana,MX,18.73,-103.68,77.95,87,95,3.15
87,Tuktoyaktuk,CA,69.45,-133.04,46.4,81,90,16.11
88,Cidreira,BR,-30.18,-50.21,55.63,85,100,8.43
89,Pangnirtung,CA,66.15,-65.71,49.12,53,0,2.95
90,Bambanglipuro,ID,-7.95,110.28,79.25,68,100,13.82
91,Brownsville,US,25.9,-97.5,89.6,74,1,13.87
92,Linxia,CN,35.6,103.21,56.61,66,0,1.28
93,Severo-Kurilsk,RU,50.68,156.12,52.66,78,10,15.93
94,Puerto Escondido,MX,15.85,-97.07,84.2,54,40,1.52
95,Shenjiamen,CN,29.96,122.3,82.62,82,0,9.48
96,Pitimbu,BR,-7.47,-34.81,73.4,94,20,8.05
97,Mondlo,ZA,-27.98,30.72,42.8,85,100,7.23
98,Gilgit,PK,35.92,74.31,74.43,36,0,1.05
99,Margate,GB,51.38,1.39,61.0,74,100,5.01
100,Chuy,UY,-33.7,-53.46,43.03,77,84,4.12
101,Xining,CN,36.62,101.77,53.22,69,12,2.08
102,Anadyr,RU,64.75,177.48,51.8,50,75,17.9
103,Narsaq,GL,60.92,-46.05,46.4,65,100,8.05
104,Tasiilaq,GL,65.61,-37.64,44.6,65,100,14.99
105,Yulara,AU,-25.24,130.99,64.4,39,0,18.34
106,Portland,US,45.52,-122.68,75.99,33,75,4.7
107,Mehamn,NO,71.04,27.85,44.53,77,17,11.03
108,Dunedin,NZ,-45.87,170.5,64.99,36,100,15.01
109,Carndonagh,IE,55.25,-7.27,52.07,78,100,4.09
110,Vaini,TO,-21.2,-175.2,80.6,78,75,19.46
111,Ucluelet,CA,48.93,-125.55,55.0,93,90,3.36
112,College,US,64.86,-147.8,68.0,37,20,11.41
113,Vardo,NO,70.37,31.11,47.52,75,72,12.75
114,Kahului,US,20.89,-156.47,89.6,43,40,29.97
115,Saint Anthony,US,45.02,-93.22,72.0,53,1,9.17
116,East London,ZA,-33.02,27.91,50.97,62,0,8.79
117,Carnarvon,AU,-24.87,113.63,62.6,100,0,1.12
118,Cortez,US,37.35,-108.59,82.4,20,1,8.05
119,Rawson,AR,-43.3,-65.1,43.7,62,0,12.77
120,Praia Da Vitoria,PT,38.73,-27.07,77.0,88,75,7.7
121,Thompson,CA,55.74,-97.86,53.6,100,75,3.36
122,Itarema,BR,-2.92,-39.92,78.28,76,0,16.46
123,Concarneau,FR,47.88,-3.92,50.0,93,40,4.7
124,Varzea Grande,BR,-15.65,-56.13,86.0,28,0,2.24
125,San Luis,AR,-33.3,-66.34,49.53,49,37,6.42
126,San Andres,CO,12.58,-81.7,82.4,83,40,5.82
127,Verkhnyaya Inta,RU,65.98,60.31,49.51,91,100,7.31
128,New Norfolk,AU,-42.78,147.06,46.99,66,82,1.99
129,Havoysund,NO,71.0,24.66,42.8,87,40,13.87
130,Ponta Do Sol,PT,32.67,-17.1,71.6,56,40,20.8
131,Naze,JP,28.37,129.48,87.8,79,75,19.46
132,Katsuura,JP,35.13,140.3,88.0,74,75,9.17
133,Bilma,NE,18.69,12.92,86.88,49,0,8.05
134,Karratha,AU,-20.74,116.85,85.91,20,39,10.45
135,Namibe,AO,-15.2,12.15,60.26,74,8,4.45
136,Sao Filipe,CV,14.9,-24.5,77.56,83,74,6.46
137,Ambilobe,MG,-13.2,49.05,66.22,88,30,4.36
138,Port Elizabeth,ZA,-33.92,25.57,44.6,81,0,6.93
139,Henties Bay,NA,-22.12,14.28,48.99,85,0,8.55
140,Ribeira Grande,PT,38.52,-28.7,74.66,93,9,7.14
141,Erzin,TR,36.96,36.2,77.0,91,0,5.99
142,Naryan-Mar,RU,67.67,53.09,50.68,97,100,3.47
143,Constitucion,CL,-35.33,-72.42,46.17,75,0,5.55
144,Meiganga,CM,6.52,14.3,65.57,96,96,3.24
145,Tuatapere,NZ,-46.13,167.68,60.82,53,1,16.62
146,Jumla,NP,29.27,82.18,61.29,68,13,2.55
147,Ouango,CF,4.31,22.56,68.54,92,100,1.45
148,Kamaishi,JP,39.27,141.88,68.0,88,75,1.12
149,Salinas,US,36.68,-121.66,66.2,72,40,12.75
150,Izvoarele Sucevei,RO,47.75,25.18,59.76,63,0,4.94
151,Avera,US,33.19,-82.53,82.4,94,1,3.36
152,Sampit,ID,-2.53,112.95,82.85,69,100,5.35
153,Sur,OM,22.57,59.53,83.93,61,3,5.26
154,Chicama,PE,-7.84,-79.15,61.38,81,82,6.55
155,Vung Tau,VN,10.35,107.08,82.51,80,79,8.16
156,Campbellton,CA,48.01,-66.67,49.41,92,100,7.43
157,Lorengau,PG,-2.02,147.27,82.96,83,83,13.65
158,Shimoda,JP,34.67,138.95,86.0,79,75,6.93
159,Lebu,CL,-37.62,-73.65,46.85,77,3,20.69
160,Mahibadhoo,MV,3.78,72.97,83.37,65,100,5.68
161,Mar Del Plata,AR,-38.0,-57.56,48.2,49,0,11.41
162,Tabou,CI,4.42,-7.35,75.15,82,100,10.2
163,Lompoc,US,34.64,-120.46,64.99,72,1,11.41
164,Shache,CN,38.42,77.24,60.33,42,0,2.42
165,Rorvik,NO,64.86,11.24,50.04,58,100,8.75
166,Nhulunbuy,AU,-12.23,136.77,82.4,69,75,17.22
167,Guerrero Negro,MX,27.98,-114.06,75.24,67,0,15.39
168,Prachuap Khiri Khan,TH,11.82,99.78,81.75,78,2,5.97
169,Arraial Do Cabo,BR,-22.97,-42.03,75.2,78,0,12.75
170,Tutoia,BR,-2.76,-42.27,80.44,74,0,17.13
171,Saldanha,ZA,-33.01,17.94,41.0,80,0,5.01
172,Provideniya,RU,64.38,-173.3,51.8,62,90,20.13
173,Inndyr,NO,67.03,14.03,44.6,87,75,6.93
174,Awjilah,LY,29.11,21.29,80.02,33,0,8.59
175,Garmsar,IR,35.22,52.34,67.01,43,0,6.15
176,Callaway,US,30.15,-85.57,81.0,78,40,5.82
177,Agen,FR,44.2,0.63,57.0,76,0,3.36
178,Yudong,CN,29.39,106.52,78.8,61,99,11.18
179,Puerto Ayacucho,VE,5.66,-67.62,72.59,89,91,2.77
180,Saint-Philippe,RE,-21.36,55.77,66.2,68,20,3.36
181,Hami,CN,42.8,93.45,72.19,22,0,10.56
182,Lalibela,ET,12.03,39.03,55.72,83,96,1.03
183,Altay,CN,47.87,88.12,62.71,45,0,2.3
184,Birao,CF,10.28,22.79,69.85,95,44,1.5
185,Kindu,CD,-2.95,25.95,71.46,92,89,1.54
186,Boa Vista,BR,2.82,-60.67,77.0,88,90,4.7
187,Chapais,CA,49.78,-74.85,51.8,76,75,3.36
188,Radcliff,US,37.84,-85.95,73.4,73,90,6.93
189,Sechelt,CA,49.47,-123.77,59.0,91,100,1.77
190,Georgetown,MY,5.41,100.34,80.6,94,20,2.24
191,Port Hardy,CA,50.7,-127.42,53.6,100,90,8.05
192,Norman Wells,CA,65.28,-126.83,64.4,45,75,12.75
193,Carnot,CF,4.94,15.87,70.07,93,98,0.6
194,Leningradskiy,RU,69.38,178.42,36.64,91,100,5.53
195,Saint-Augustin,CA,51.23,-58.65,52.23,72,100,18.66
196,Abu Samrah,SY,35.3,37.18,74.25,29,0,4.36
197,Sonari,IN,27.07,95.03,77.0,94,75,3.36
198,Liverpool,GB,53.41,-2.98,50.0,87,0,4.7
199,Pyay,MM,18.82,95.22,79.54,89,100,4.05
200,Hasaki,JP,35.73,140.83,84.0,83,75,11.41
201,Vao,NC,-22.67,167.48,67.33,65,100,14.09
202,Malanville,BJ,11.87,3.39,74.25,90,100,4.81
203,Meulaboh,ID,4.14,96.13,78.21,87,100,4.36
204,Zhigansk,RU,66.77,123.37,49.89,87,100,6.4
205,Grindavik,IS,63.84,-22.43,53.6,93,90,28.86
206,York,US,40.13,-77.0,73.4,53,1,3.36
207,Kozhva,RU,65.11,57.05,50.97,98,100,3.33
208,Liuzhou,CN,24.31,109.39,84.63,63,0,6.04
209,Niteroi,BR,-22.88,-43.1,78.8,61,0,2.24
210,Senneterre,CA,48.38,-77.23,51.8,76,40,4.7
211,Upernavik,GL,72.79,-56.15,39.87,88,100,10.22
212,Khani,GE,41.96,42.96,64.4,100,90,1.12
213,Kalmunai,LK,7.42,81.82,80.01,75,100,1.99
214,Juneau,US,58.3,-134.42,51.8,93,90,12.75
215,Mutata,CO,7.24,-76.44,75.58,80,100,2.84
216,Vila Velha,BR,-20.33,-40.29,73.4,88,40,6.93
217,Bandarbeyla,SO,9.49,50.81,77.29,73,100,19.64
218,Cabedelo,BR,-6.98,-34.83,73.4,94,20,8.05
219,Tomakomai,JP,42.64,141.6,62.6,77,75,4.7
220,Calbuco,CL,-41.77,-73.13,39.2,93,0,4.7
221,Flinders,AU,-34.58,150.86,66.99,63,21,8.01
222,North Bend,US,43.41,-124.22,72.0,67,1,21.92
223,Aswan,EG,24.09,32.91,83.93,25,0,7.0
224,Kerman,IR,30.28,57.08,60.8,29,0,9.17
225,Cairns,AU,-16.92,145.77,77.0,64,90,17.22
226,Okha,RU,53.57,142.95,59.38,65,98,12.26
227,Samarai,PG,-10.62,150.67,78.78,88,96,18.43
228,Beloha,MG,-25.17,45.05,69.67,62,0,4.38
229,Santa Isabel Do Rio Negro,BR,-0.41,-65.02,74.46,79,99,1.86
230,Ancud,CL,-41.87,-73.82,46.0,95,10,8.99
231,Harper,LR,4.38,-7.72,75.43,82,100,9.86
232,Luderitz,NA,-26.65,15.16,54.57,40,0,18.19
233,Bengkulu,ID,-3.8,102.27,80.4,74,100,2.71
234,Bana,CM,5.15,10.28,60.51,100,95,2.57
235,Iqaluit,CA,63.75,-68.51,53.6,58,20,10.29
236,Kodiak,US,57.79,-152.41,62.6,63,20,14.99
237,Chumikan,RU,54.72,135.31,58.26,61,100,2.48
238,Kihei,US,20.79,-156.47,89.6,43,40,29.97
239,Hay River,CA,60.82,-115.8,55.4,58,40,3.36
240,Neiafu,TO,-18.65,-173.98,80.6,74,75,16.11
241,Kawardha,IN,22.02,81.25,76.57,86,52,0.92
242,Airai,TL,-8.93,125.41,71.74,60,0,7.23
243,Linqiong,CN,30.42,103.46,75.0,100,40,2.28
244,Porto De Moz,BR,-1.75,-52.24,73.74,93,98,4.09
245,Carquefou,FR,47.3,-1.49,52.0,93,0,4.7
246,Hastings,GB,50.86,0.57,53.01,82,100,1.01
247,Bethel,US,41.37,-73.41,64.0,77,1,3.36
248,Grand Gaube,MU,-20.01,57.66,72.0,75,42,11.99
249,Coihaique,CL,-45.58,-72.07,39.2,86,100,3.36
250,Monkey Hill,KN,17.32,-62.72,82.4,83,95,19.46
251,Puerto Baquerizo Moreno,EC,-0.9,-89.6,64.47,84,85,11.43
252,Avarua,CK,-21.21,-159.78,75.2,73,5,8.05
253,Bathsheba,BB,13.22,-59.52,80.6,83,20,6.93
254,Kirkby,GB,53.48,-2.9,50.0,87,0,4.7
255,Mount Gambier,AU,-37.83,140.77,50.0,71,75,3.36
256,Wanning,CN,18.8,110.4,83.98,70,29,3.27
257,Alice Springs,AU,-23.7,133.88,66.2,37,0,11.41
258,Kasongo-Lunda,CD,-6.47,16.82,77.85,68,98,1.92
259,Muros,ES,42.78,-9.06,55.99,77,80,1.01
260,Maryborough,AU,-25.53,152.7,76.8,41,0,2.15
261,Dhidhdhoo,MV,6.88,73.1,82.31,74,100,10.11
262,Cayenne,GF,4.93,-52.33,80.6,83,88,3.36
263,Touros,BR,-5.2,-35.46,75.2,83,40,8.05
264,Flin Flon,CA,54.77,-101.86,51.98,71,94,10.96
265,Mareeba,AU,-17.0,145.43,77.0,68,48,5.99
266,Sitka,US,57.05,-135.33,57.2,87,75,3.36
267,San Patricio,MX,19.22,-104.7,80.6,94,90,2.98
268,Ghatanji,IN,20.13,78.32,74.35,91,3,5.86
269,Cheremukhovo,RU,60.35,59.99,53.31,89,93,7.65
270,Russell,US,32.35,-85.2,75.99,94,40,3.36
271,Kalengwa,ZM,-13.47,25.0,60.33,65,0,4.97
272,Canon City,US,38.44,-105.24,80.6,22,75,18.34
273,Magdagachi,RU,53.45,125.8,49.32,98,100,9.53
274,Griffith,US,41.53,-87.42,68.0,68,1,5.82
275,Tuy Hoa,VN,13.08,109.3,84.47,70,99,8.12
276,Jishou,CN,28.32,109.72,80.04,68,0,2.82
277,Sankheda,IN,22.17,73.58,77.0,100,90,5.82
278,Igarka,RU,67.47,86.58,46.18,93,60,11.14
279,Erenhot,CN,43.65,111.98,66.76,46,4,14.63
280,Kichmengskiy Gorodok,RU,59.98,45.79,53.11,94,100,3.62
281,Nouakchott,MR,18.09,-15.98,80.6,78,20,8.05
282,Husavik,IS,66.04,-17.34,53.6,76,90,9.17
283,Svetlyy,RU,54.67,20.13,64.4,82,20,8.95
284,Kruisfontein,ZA,-34.0,24.73,42.03,82,0,7.07
285,Raudeberg,NO,61.99,5.14,46.99,86,3,12.48
286,Hong Gai,VN,20.96,107.09,87.8,79,40,4.7
287,Pyinmana,MM,19.73,96.22,78.98,86,100,4.41
288,Domoni,KM,-12.26,44.53,73.36,74,61,2.84
289,Emerald,AU,-23.53,148.17,73.99,56,0,8.05
290,Ferrol,ES,43.48,-8.24,50.0,100,75,3.36
291,Bahia Honda,CU,22.9,-83.16,80.92,83,28,3.67
292,Buala,SB,-8.14,159.59,85.78,73,72,10.45
293,Nuuk,GL,64.18,-51.72,44.6,100,0,2.24
294,Savannah Bight,HN,16.45,-85.85,84.04,77,0,25.86
295,Port Hawkesbury,CA,45.62,-61.35,62.6,77,1,10.29
296,Chifeng,CN,42.27,118.96,67.78,76,100,2.57
297,Ahuimanu,US,21.44,-157.84,87.8,62,1,14.99
298,Bonavista,CA,48.65,-53.11,59.0,78,100,1.99
299,Magadi,IN,12.97,77.23,69.8,94,75,2.08
300,Codrington,AU,-38.27,141.97,51.82,63,35,9.93
301,Batemans Bay,AU,-35.72,150.18,60.01,61,84,9.01
302,Panjakent,TJ,39.5,67.61,66.2,52,44,2.24
303,Orangeville,CA,43.92,-80.1,64.0,49,1,4.0
304,Arukutti,IN,9.87,76.35,77.0,100,40,4.54
305,Port Augusta,AU,-32.5,137.77,55.4,54,90,10.29
306,Goure,NE,13.98,10.27,78.01,75,4,3.0
307,Concepcion Del Oro,MX,24.63,-101.42,77.5,31,80,10.16
308,Jacqueville,CI,5.21,-4.41,77.0,88,20,6.93
309,Broome,US,42.25,-75.83,59.0,71,1,6.93
310,Praia,CV,14.92,-23.51,78.8,83,20,12.75
311,Zabaykalsk,RU,49.63,117.32,56.71,86,86,9.28
312,Blythe,US,33.61,-114.6,104.0,26,20,14.99
313,Vila Franca Do Campo,PT,37.72,-25.43,73.4,88,20,2.15
314,Lagoa,PT,39.05,-27.98,73.98,94,47,9.35
315,Vincennes,FR,48.85,2.43,57.99,87,20,4.7
316,Akhnur,IN,32.87,74.73,77.0,100,75,11.41
317,Lokosovo,RU,61.13,74.82,58.42,97,100,8.32
318,Tavira,PT,37.13,-7.65,73.4,33,1,10.29
319,Muli,MV,2.92,73.57,83.43,68,92,6.17
320,Seymchan,RU,62.88,152.43,56.14,40,0,6.02
321,Riohacha,CO,11.54,-72.91,80.11,83,0,8.3
322,Nome,US,64.5,-165.41,55.4,76,90,14.99
323,Khorramshahr,IR,30.44,48.17,86.0,58,0,4.7
324,Safford,US,32.83,-109.71,91.4,36,1,5.82
325,Loukhi,RU,66.08,33.04,44.38,90,0,1.59
326,Agadir,MA,30.42,-9.6,68.0,82,0,6.93
327,Shirokiy,RU,49.76,129.52,53.51,89,100,16.31
328,Esperance,AU,-33.87,121.9,55.4,71,0,17.22
329,Fortuna,US,40.6,-124.16,66.99,55,40,16.11
330,Sinnai,IT,39.3,9.2,75.0,53,63,5.82
331,Asau,RO,46.43,26.4,66.0,74,0,5.08
332,Safonovo,RU,55.15,33.22,61.25,94,93,7.09
333,Tecoanapa,MX,16.52,-98.75,80.89,76,43,3.69
334,Victoria,HK,22.29,114.16,89.01,62,53,5.99
335,Okhotsk,RU,59.38,143.3,58.17,72,100,16.53
336,Anloga,GH,5.79,0.9,77.0,83,40,9.17
337,Ayagoz,KZ,47.97,80.44,58.95,56,0,11.32
338,Nongpoh,IN,25.9,91.88,82.4,100,75,2.3
339,Hayden,US,47.77,-116.79,72.0,14,1,11.41
340,Veere,NL,51.55,3.67,61.0,63,100,9.17
341,Salalah,OM,17.02,54.09,77.0,100,90,4.7
342,Zaozerne,UA,45.16,33.28,70.75,65,0,9.19
343,Oranjemund,NA,-28.55,16.43,49.84,60,0,15.5
344,Shizunai,JP,42.33,142.37,57.74,83,100,7.74
345,Port Lincoln,AU,-34.73,135.87,53.85,53,98,1.41
346,Nanortalik,GL,60.14,-45.24,45.32,84,100,6.11
347,Brae,GB,60.4,-1.35,46.4,87,100,1.12
348,Liyang,CN,29.71,118.29,85.15,76,0,1.3
349,Joniskis,LT,56.24,23.62,57.2,100,90,4.7
350,Lithgow,AU,-33.48,150.15,71.6,40,0,5.82
351,Souillac,MU,-20.52,57.52,71.6,78,75,18.34
352,Liepaja,LV,56.54,21.04,55.4,100,89,5.61
353,Hannibal,US,39.71,-91.36,73.99,56,1,7.02
354,Mutare,ZW,-18.97,32.67,59.56,92,1,0.94
355,Tucupita,VE,9.06,-62.05,75.43,96,100,4.72
356,San Juan,AR,-31.54,-68.54,52.81,43,0,6.69
357,Los Llanos De Aridane,ES,28.66,-17.92,73.4,64,20,16.11
358,Torbay,CA,47.67,-52.73,68.0,100,90,23.04
359,The Valley,AI,18.22,-63.06,84.2,74,20,14.99
360,Odweyne,SO,9.41,45.06,76.6,53,100,15.12
361,Zambezi,ZM,-13.54,23.1,67.71,80,100,3.24
362,San Isidro,PE,-12.12,-77.05,60.8,87,75,10.29
363,Acton,GB,51.51,-0.28,57.0,81,100,4.7
364,Ternate,ID,0.8,127.4,83.35,71,95,1.59
365,Imeni Poliny Osipenko,RU,52.42,136.49,57.65,74,100,9.17
366,Kabompo,ZM,-13.59,24.2,61.03,83,75,3.83
367,La Ronge,CA,55.1,-105.28,44.6,93,90,10.29
368,Sarai Naurang,PK,32.83,70.78,86.52,57,0,10.98
369,Strezhevoy,RU,60.73,77.59,57.2,93,20,2.24
370,Hofn,IS,64.25,-15.21,51.49,88,100,13.89
371,Sisimiut,GL,66.94,-53.67,47.53,68,0,13.24
372,Srednekolymsk,RU,67.45,153.68,51.69,51,34,8.23
373,Sinnamary,GF,5.38,-52.95,80.02,83,100,13.06
374,Oyotun,PE,-6.85,-79.3,67.78,65,100,3.47
375,Deputatskiy,RU,69.3,139.9,37.99,82,99,5.21
376,Verkh-Usugli,RU,52.7,115.17,54.95,77,96,2.89
377,Fot,HU,47.62,19.19,72.0,72,48,4.7
378,Road Town,VG,18.42,-64.62,81.0,89,45,11.01
379,Sangre Grande,TT,10.58,-61.12,80.6,88,40,3.24
380,Meadow Lake,US,34.8,-106.54,84.2,28,40,17.22
381,Balabac,PH,7.99,117.06,85.48,66,100,2.62
382,Darovskoy,RU,58.77,47.96,56.3,97,100,4.76
383,Lasa,IT,46.62,10.7,51.01,100,98,2.19
384,Barabai,ID,-2.58,115.38,84.83,62,100,0.47
385,Tupiza,BO,-21.45,-65.72,53.58,47,43,12.26
386,Akim Swedru,GH,5.89,-1.02,71.55,89,100,3.2
387,Padang,ID,-0.95,100.35,78.8,83,40,9.17
388,Poronaysk,RU,49.22,143.12,57.33,69,0,9.6
389,Cherskiy,RU,68.75,161.3,41.23,82,100,3.89
390,Chibombo,ZM,-14.66,28.07,62.98,35,0,5.77
391,George Enescu,RO,48.03,26.48,69.01,68,0,8.05
392,Olovyannaya,RU,50.95,115.57,55.04,89,100,4.18
393,Yoichi,JP,43.2,140.77,66.2,68,75,9.17
394,Camacha,PT,33.08,-16.33,71.6,60,75,14.99
395,Pirajui,BR,-22.0,-49.46,80.6,42,0,5.82
396,Qaqortoq,GL,60.72,-46.03,46.4,65,100,8.05
397,Cloquet,US,46.72,-92.46,62.6,77,40,4.7
398,Whitehorse,CA,60.72,-135.05,51.8,76,75,14.99
399,La Paz,BO,-16.5,-68.15,46.4,52,75,9.17
400,Perehonivka,UA,48.54,30.52,65.05,43,0,6.26
401,Cejkovice,CZ,48.91,16.94,60.01,77,13,8.05
402,Tadine,NC,-21.55,167.88,68.68,64,100,13.96
403,Cravo Norte,CO,6.3,-70.2,76.91,88,92,4.63
404,Bakel,SN,14.9,-12.46,80.44,82,21,12.46
405,Kavieng,PG,-2.57,150.8,86.13,67,31,9.4
406,Mezhdurechensk,RU,53.69,88.06,56.03,87,19,2.17
407,Chernyshevskiy,RU,63.01,112.47,56.71,65,0,6.58
408,Jardim,BR,-21.48,-56.14,75.51,55,100,4.29
409,Taoudenni,ML,22.68,-3.98,92.93,40,57,8.79
410,Zenzeli,RU,45.92,47.05,69.85,40,0,8.28
411,Menongue,AO,-14.66,17.69,55.98,42,0,2.26
412,Sundargarh,IN,22.12,84.03,80.6,88,40,2.91
413,Havelock,US,34.88,-76.9,80.01,65,1,4.7
414,Alirajpur,IN,22.3,74.35,74.75,93,100,9.89
415,Magallanes,PH,9.02,125.52,83.97,71,100,5.48
416,Port Macquarie,AU,-31.43,152.92,78.01,39,0,4.0
417,Bosaso,SO,11.28,49.18,92.03,42,100,15.61
418,Mayo,US,38.89,-76.51,75.99,69,90,3.36
419,Sao Miguel Do Araguaia,BR,-13.28,-50.16,78.22,29,0,2.8
420,Tha Chang,TH,9.26,99.19,80.6,100,20,4.7
421,Port-Gentil,GA,-0.72,8.78,75.34,83,96,14.65
422,Polunochnoye,RU,60.87,60.42,53.02,94,82,9.33
423,Henderson,US,36.04,-114.98,100.4,2,1,5.82
424,Evensk,RU,61.95,159.23,55.83,43,0,3.09
425,Choix,MX,26.71,-108.32,84.87,76,46,5.7
426,Sergeyevka,KZ,53.88,67.42,64.26,56,2,6.49
427,Gunjur,GM,13.2,-16.73,80.6,100,40,3.36
428,Mackay,AU,-21.15,149.2,73.4,69,81,17.22
429,Kieta,PG,-6.22,155.63,86.22,68,86,7.25
430,Sao Joao Da Barra,BR,-21.64,-41.05,73.29,86,0,16.31
431,Shrewsbury,GB,52.71,-2.75,44.01,93,0,2.28
432,Puri,IN,19.8,85.85,82.4,88,20,3.36
433,Vanino,RU,49.09,140.25,60.37,60,100,10.13
434,Dhuburi,IN,26.03,89.97,82.58,79,99,2.1
435,Poum,NC,-20.23,164.02,69.69,67,0,8.34
436,Nueve De Julio,AR,-35.44,-60.88,48.0,50,0,1.01
437,Banjar,ID,-8.19,114.97,80.6,94,20,17.22
438,Tukrah,LY,32.53,20.58,74.43,77,0,10.25
439,Gornyak,RU,50.99,81.47,58.87,74,0,3.02
440,Abbeville,FR,50.1,1.83,55.0,80,24,5.7
441,Isangel,VU,-19.55,169.27,75.2,73,90,11.41
442,Actopan,MX,20.27,-98.93,69.06,68,100,4.07
443,Isiro,CD,2.77,27.62,64.67,98,81,1.21
444,Tenkodogo,BF,11.78,-0.37,74.7,89,100,6.76
445,Williams Lake,CA,52.14,-122.14,48.2,87,90,3.36
446,Carutapera,BR,-1.2,-46.02,78.46,79,0,8.75
447,Kristiansund,NO,63.11,7.73,44.6,81,0,6.93
448,Paamiut,GL,61.99,-49.67,44.4,83,22,17.85
449,Namatanai,PG,-3.67,152.43,86.2,66,20,9.93
450,Porto Novo,BJ,6.5,2.6,77.0,88,40,12.75
451,Vangaindrano,MG,-23.35,47.6,64.78,92,16,3.67
452,Sola,VU,-13.88,167.55,79.83,83,56,20.69
453,Areia Branca,BR,-4.96,-37.14,77.14,65,35,19.91
454,Cermik,TR,38.14,39.45,62.6,27,0,5.82
455,San Felipe,VE,10.34,-68.74,72.91,90,100,0.58
456,Seoul,KR,37.57,126.98,80.6,74,90,6.06
457,Goderich,CA,43.75,-81.72,64.99,80,0,7.72
458,Niamey,NE,13.51,2.11,77.0,94,100,5.82
459,Kharp,RU,66.8,65.81,43.14,76,100,9.93
460,Kano,NG,12.0,8.52,73.4,94,0,5.82
461,Tautira,PF,-17.73,-149.15,82.4,61,20,8.05
462,Zyryanka,RU,65.75,150.85,57.43,37,26,7.18
463,Jatibonico,CU,21.94,-79.17,77.5,80,0,7.9
464,Praya,CV,14.92,-23.51,78.8,83,20,12.75
465,Akyab,MM,20.15,92.9,81.54,86,99,2.86
466,Koslan,RU,63.46,48.9,46.67,94,94,6.24
467,Walvis Bay,NA,-22.96,14.51,48.99,87,0,10.29
468,Lewistown,US,40.6,-77.57,64.4,82,40,3.58
469,Leh,IN,34.17,77.58,55.99,43,12,3.83
470,Las Cruces,US,32.31,-106.78,86.0,27,1,10.29
471,Tezu,IN,27.92,96.17,79.83,74,86,1.23
472,Mokhsogollokh,RU,61.47,128.92,59.56,81,100,3.78
473,Acapulco,MX,16.86,-99.89,82.4,78,75,2.24
474,Kununurra,AU,-15.77,128.73,89.6,26,0,10.29
475,Chenzhou,CN,25.8,113.03,82.8,61,0,3.85
476,Ketchikan,US,55.34,-131.65,55.4,100,90,10.29
477,Lerwick,GB,60.15,-1.15,46.4,87,100,1.12
478,Tevaitoa,PF,-16.78,-151.5,78.22,74,2,19.8
479,Clyde River,CA,70.47,-68.59,42.8,100,40,8.05
480,Hualmay,PE,-11.1,-77.61,60.06,87,31,10.51
481,Longyan,CN,25.11,117.02,83.43,70,0,2.95
482,Sao Felix Do Xingu,BR,-6.64,-51.99,80.98,40,37,1.05
483,Pangody,RU,65.85,74.49,42.35,87,100,9.95
484,Llangefni,GB,53.26,-4.31,48.0,81,0,6.93
485,Rundu,NA,-17.93,19.77,56.71,35,0,8.08
486,Talakan,RU,50.32,130.37,53.78,85,100,10.42
487,Rio Grande,BR,-32.03,-52.1,43.0,92,64,7.9
488,Saint-Georges,GD,12.06,-61.75,80.6,88,75,6.11
489,Oksfjord,NO,70.24,22.35,35.6,93,98,10.29
490,Garissa,KE,-0.45,39.64,72.41,77,1,12.88
491,Novoagansk,RU,61.94,76.66,58.37,91,100,10.27
492,Champerico,GT,14.3,-91.92,84.2,74,75,4.7
493,Novyy Yarychiv,UA,49.9,24.31,71.6,64,54,8.95
494,Galle,LK,6.04,80.22,80.26,83,100,9.28
495,Burns Lake,CA,54.23,-125.75,46.47,90,100,3.33
496,Lukoyanov,RU,55.03,44.48,59.49,79,8,9.71
497,Fakel,RU,57.63,53.03,56.19,93,100,9.66
498,Caravelas,BR,-17.71,-39.25,70.5,91,0,5.08
499,Buraydah,SA,26.33,43.98,86.0,20,0,6.93
500,Moscow,RU,55.75,37.62,66.2,82,0,2.24
501,Santander,ES,43.46,-3.8,57.99,87,0,5.91
502,Goundam,ML,16.41,-3.67,87.67,52,15,5.06
503,La Union,PE,-5.4,-80.75,64.69,74,55,15.03
504,Cadillac,US,44.25,-85.4,59.0,82,40,3.36
505,Kautokeino,NO,69.01,23.04,37.85,79,68,4.99
506,Quballat,TN,36.54,9.66,78.8,78,20,8.05
507,Poso,ID,-1.4,120.75,86.05,57,78,4.59
508,San Juan Del Sur,NI,11.25,-85.87,79.63,82,0,7.09
509,Lachi,PK,33.38,71.34,80.96,70,1,1.9
510,Jinzhou,CN,41.11,121.14,78.73,70,0,7.31
511,Kolpashevo,RU,58.31,82.91,54.59,93,78,4.54
512,Key West,US,24.56,-81.78,87.8,66,1,6.93
513,Samba,IN,32.57,75.12,77.0,100,75,11.41
514,Magadan,RU,59.57,150.8,56.5,48,0,9.15
515,Asyut,EG,27.18,31.18,78.8,39,0,6.93
516,Mildura,AU,-34.2,142.15,55.0,62,0,10.29
517,Batagay,RU,67.63,134.63,58.19,47,96,2.91
518,Sistranda,NO,63.73,8.83,39.99,93,20,4.7
519,Lucapa,AO,-8.42,20.74,72.14,72,100,2.64
520,Zhengjiatun,CN,43.51,123.51,77.88,71,0,14.67
521,Nago,JP,26.59,127.98,84.0,83,100,20.0
522,Chaman,PK,30.92,66.45,65.01,24,16,1.83
523,Coquimbo,CL,-29.95,-71.34,51.8,87,8,4.7
524,Kosh-Agach,RU,50.0,88.67,48.96,52,0,1.45
525,Alta Floresta,BR,-9.88,-56.09,79.05,37,76,1.86
526,Stabroek,BE,51.33,4.37,60.01,77,90,5.82
527,Innisfail,AU,-17.53,146.03,69.01,79,100,5.01
528,Bubaque,GW,11.28,-15.83,79.93,83,74,13.49
529,De-Kastri,RU,51.47,140.78,61.75,60,100,12.59
530,Sumenep,ID,-7.02,113.87,82.9,62,30,13.15
531,Verkhoyansk,RU,67.54,133.38,56.79,42,100,3.58
532,Faya,SA,18.39,42.45,68.0,25,13,1.25
533,Hobyo,SO,5.35,48.53,77.23,82,1,23.44
534,Roald,NO,62.58,6.13,44.6,87,0,4.7
535,Ruwi,OM,23.6,58.55,84.2,94,57,3.36
536,Mumford,GH,5.26,-0.76,73.98,90,100,9.46
537,Hof,DE,50.32,11.92,53.01,99,100,7.0
538,Goma,CD,-1.68,29.22,63.45,74,15,3.65
539,Matara,LK,5.95,80.54,79.16,85,100,9.46
540,Santa Isabel,BR,-23.32,-46.22,71.6,88,75,5.82
541,Suntar,RU,62.14,117.63,62.89,54,27,3.76
542,Yining,CN,29.04,114.56,84.76,64,0,1.7
543,Carballo,ES,43.21,-8.69,55.99,100,77,3.36
544,Berlevag,NO,70.86,29.09,45.43,75,0,11.18
545,Otane,NZ,-39.88,176.63,66.6,49,0,2.35
546,Solyanka,RU,46.39,48.02,68.0,42,84,6.71
547,Misratah,LY,32.38,15.09,78.4,80,0,11.07
548,Nelson Bay,AU,-32.72,152.15,73.4,35,0,21.92
549,Iquique,CL,-20.22,-70.14,59.0,72,90,6.93
550,Hopelchen,MX,19.77,-89.85,87.8,70,20,6.93
551,Qandala,SO,11.47,49.87,89.15,51,99,4.94
552,Prenzlau,DE,53.32,13.87,63.0,96,100,6.38
553,Manokwari,ID,-0.87,134.08,77.02,81,100,0.31
554,Te Anau,NZ,-45.42,167.72,55.71,64,17,14.5
555,Abu Dhabi,AE,24.47,54.37,93.2,75,51,8.05
556,Rypefjord,NO,70.63,23.67,42.8,87,40,13.87
557,Westport,US,41.14,-73.36,71.6,49,1,6.93
558,Klaksvik,FO,62.23,-6.59,50.0,93,71,10.29
559,Maun,BW,-19.98,23.42,64.4,18,0,5.82
560,Comodoro Rivadavia,AR,-45.87,-67.5,42.8,70,78,3.36
561,Wang Saphung,TH,17.3,101.77,77.0,100,75,2.24
562,Kokopo,PG,-4.35,152.26,87.3,62,29,11.9
563,Kushima,JP,31.46,131.23,86.0,74,20,8.05
564,Warsaw,PL,52.23,21.01,64.0,100,99,2.24
565,Necochea,AR,-38.55,-58.74,41.0,48,0,1.01
566,Acari,PE,-15.43,-74.62,60.67,72,99,4.25
567,Half Moon Bay,US,37.46,-122.43,72.0,68,5,9.17
568,Golden,US,39.76,-105.22,82.4,17,75,17.22
569,Antofagasta,CL,-23.65,-70.4,57.2,76,90,4.7
570,Korla,CN,41.76,86.15,72.82,26,0,5.99
571,Luena,AO,-11.78,19.92,65.61,78,100,3.49
572,Kvitok,RU,56.07,98.48,54.84,93,99,7.23
573,Sechura,PE,-5.56,-80.82,63.7,79,17,14.85
574,Karachi,PK,24.91,67.08,82.4,83,90,3.36
575,Srandakan,ID,-7.94,110.25,79.29,68,100,13.56
576,Markova,UA,48.68,24.41,67.86,58,70,4.9
577,Pochutla,MX,15.74,-96.47,84.2,74,40,2.39
578,Buckeye,US,33.37,-112.58,91.4,51,75,10.29
579,Georgiyevka,KZ,43.04,74.71,60.8,67,0,4.47
580,Bakhmach,UA,51.18,32.76,65.43,52,0,9.42
581,Mitsamiouli,KM,-11.38,43.28,75.61,69,0,4.88
582,Makinsk,KZ,52.63,70.42,63.79,55,0,0.29
583,Nishihara,JP,26.18,127.76,86.0,74,75,23.04
584,Hambantota,LK,6.12,81.12,78.8,94,20,2.24
585,Kaeo,NZ,-35.1,173.78,66.99,16,0,5.99
586,Vallenar,CL,-28.57,-70.76,57.92,58,100,3.69
587,Banff,CA,51.18,-115.57,57.0,50,100,5.01
588,Micheweni,TZ,-4.97,39.83,73.99,83,4,8.97
589,Mouila,GA,-1.87,11.06,74.05,83,100,2.26
590,Hemsedal,NO,60.86,8.55,35.01,90,0,0.65
591,Baiyin,CN,36.56,104.21,53.6,87,20,4.47
592,Hovd,MN,48.01,91.64,56.05,47,100,0.22
593,Yelets,RU,52.62,38.5,63.95,56,0,8.34
594,Inhambane,MZ,-23.86,35.38,70.02,83,100,15.23
595,Izhma,RU,65.01,53.91,50.38,94,100,5.73
596,Stettler,CA,52.32,-112.72,59.0,53,0,13.0
597,Richards Bay,ZA,-28.78,32.04,57.0,74,100,8.63
598,Tokat,TR,40.42,36.58,55.06,78,1,0.63
599,Talnakh,RU,69.49,88.4,44.6,100,90,8.95
600,Kanbe,MM,16.71,96.0,80.6,83,75,8.05
601,Kirovskaya,RU,46.97,40.04,64.4,55,0,8.95
602,Banamba,ML,13.55,-7.45,73.4,88,27,6.24
603,Najran,SA,17.49,44.13,75.2,29,32,4.7
604,Malakal,SS,9.53,31.66,71.85,93,98,3.04
605,Tiarei,PF,-17.53,-149.33,82.4,61,20,8.05
606,Waipawa,NZ,-41.41,175.52,59.0,67,0,31.09
607,Belmonte,BR,-15.86,-38.88,71.6,88,20,3.36
608,Talcahuano,CL,-36.72,-73.12,48.2,76,0,5.82
609,Hirara,JP,24.8,125.28,86.0,79,75,18.34
610,Ocho Rios,JM,18.4,-77.1,82.99,84,0,5.14
611,Asekeyevo,RU,53.57,52.8,56.82,87,93,1.74
612,Tamiahua,MX,21.27,-97.45,82.71,81,39,12.5
613,Indiana,US,40.0,-86.25,70.0,82,1,3.36
614,Hengyang,CN,26.89,112.61,83.07,67,7,5.82
615,Xuddur,SO,4.12,43.89,71.96,77,0,16.22
616,Palu,ID,-0.89,119.87,86.23,57,72,1.54
617,Surgut,RU,61.25,73.42,59.0,100,40,8.95
618,Kuching,MY,1.55,110.33,78.8,94,20,1.12
619,Esterhazy,CA,50.65,-102.08,57.16,47,0,11.97
620,Ust-Nera,RU,64.57,143.2,51.71,45,100,2.82
621,Kuusamo,FI,65.97,29.18,44.6,93,66,1.12
622,Yakuplu,TR,40.99,28.68,75.99,83,40,8.05
623,Sendhwa,IN,21.68,75.1,72.23,93,48,12.82
624,Aksarka,RU,66.56,67.8,43.86,79,100,11.21
625,Kavaratti,IN,10.57,72.64,82.0,76,19,10.83
626,San Javier,ES,37.81,-0.84,70.0,68,0,6.93
627,Kutum,SD,14.2,24.67,73.9,68,81,7.45
628,Burnie,AU,-41.07,145.92,48.99,68,91,11.99
629,Dali,CN,25.7,100.18,62.62,89,100,2.84
630,Peniche,PT,39.36,-9.38,60.01,84,8,3.0
631,Camopi,GF,3.17,-52.32,75.56,87,3,4.0
632,Ola,RU,59.58,151.28,56.08,50,0,8.52
633,Bikin,RU,46.82,134.26,61.2,63,97,7.83
634,Netivot,IL,31.42,34.59,81.0,81,16,1.61
635,Dandong,CN,40.13,124.39,75.34,84,94,5.3
636,Biak,ID,-0.91,122.88,81.66,71,99,8.61
637,Pencaitland,GB,55.91,-2.89,52.0,84,11,1.99
638,Villaviciosa,ES,43.48,-5.44,54.0,77,0,4.27
639,Nola,IT,40.92,14.53,78.01,88,40,2.24
640,Saint-Joseph,RE,-21.37,55.62,66.2,68,20,3.36
641,Norwalk,US,33.9,-118.08,78.8,47,1,4.7
642,Milyutinskaya,RU,48.63,41.67,66.7,47,0,7.11
643,Tierra Colorada,MX,17.17,-99.58,82.4,78,75,2.24
644,Barbate,ES,36.19,-5.92,71.01,54,0,13.58
645,Sterling,US,39.01,-77.43,70.0,77,20,3.83
646,Auki,SB,-8.77,160.7,87.3,65,3,3.74
647,Fairbanks,US,64.84,-147.72,68.0,30,1,12.75
648,Pringsewu,ID,-5.36,104.97,78.89,80,100,0.65
649,Imbituba,BR,-28.24,-48.67,64.4,77,75,18.34
650,Pimenta Bueno,BR,-11.67,-61.19,86.18,33,80,4.07
651,Sioux Lookout,CA,50.1,-91.92,62.6,77,90,8.05
652,Odessa,UA,46.48,30.73,64.4,88,0,4.65
653,Hope,US,33.67,-93.59,87.01,73,3,1.66
654,Tura,IN,25.52,90.22,77.18,91,99,3.98
655,Eyl,SO,7.98,49.82,78.67,66,98,18.21
656,Kuznechnoye,RU,61.12,29.87,55.0,96,91,7.94
657,Yumen,CN,40.28,97.2,63.0,29,82,3.38
658,Derzhavinsk,KZ,51.1,66.32,66.72,46,0,6.96
659,San Rafael,AR,-34.62,-68.33,50.77,41,0,5.35
660,Isnos,CO,1.94,-76.24,57.43,89,67,2.71
661,Fecamp,FR,49.76,0.37,57.2,71,90,3.36
662,Haines Junction,CA,60.75,-137.51,49.12,69,99,6.29
663,Kelvington,CA,52.17,-103.53,49.26,63,86,15.08
664,Hanna,CA,51.63,-111.9,61.0,34,0,13.18
665,Montrose,US,38.42,-108.27,75.2,36,75,12.75
666,Mpika,ZM,-11.83,31.45,61.45,60,0,5.57
667,Salta,AR,-24.79,-65.41,51.8,93,90,5.82
668,Klyuchi,RU,52.27,79.17,60.6,76,0,3.56
669,Aktas,KZ,49.78,72.96,46.4,93,0,4.47
670,Geilo,NO,60.53,8.21,37.0,89,11,5.99
671,Sulmona,IT,42.05,13.93,77.0,78,0,5.82
672,Aquiraz,BR,-3.9,-38.39,78.8,78,20,13.87
673,Athabasca,CA,54.72,-113.29,53.98,57,0,10.29
674,Dargaville,NZ,-35.93,173.88,58.87,69,76,6.82
675,Damietta,EG,31.42,31.81,82.4,83,0,5.82
676,Kuryk,KZ,43.2,51.65,71.98,71,0,9.08
677,Tomatlan,MX,19.93,-105.25,76.26,96,100,4.16
678,Kiruna,SE,67.86,20.23,39.2,80,82,5.53
679,Le Port,RE,-20.94,55.29,69.8,73,20,14.99
680,Bud,US,39.45,-86.18,70.0,68,1,7.25
681,Potosi,BO,-19.58,-65.75,42.46,65,54,7.38
682,Nirgua,VE,10.16,-68.57,66.94,99,100,0.65
683,Milkovo,RU,54.72,158.62,57.52,54,18,1.01
684,Palana,RU,59.12,159.97,51.42,76,0,10.8
